{"totalTimesRated": 0, "numberOfComments": 36, "averageRating": 0, "id": "h9gi-nx95", "tags": ["nypd", "collisions", "bigapps", "big apps", "visionzero", "vision", "zero", "nycopendata", "traffic data"], "hideFromCatalog": false, "owner": {"type": "interactive", "profileImageUrlSmall": "/api/users/5fuc-pqz2/profile_images/TINY", "displayName": "NYC OpenData", "profileImageUrlMedium": "/api/users/5fuc-pqz2/profile_images/THUMB", "screenName": "NYC OpenData", "id": "5fuc-pqz2", "profileImageUrlLarge": "/api/users/5fuc-pqz2/profile_images/LARGE"}, "displayType": "table", "description": "This is a breakdown of every collision in NYC by location and injury. This data is collected because the NYC Council passed Local Law #11 in 2011. This data is manually run every month and reviewed by the TrafficStat Unit before being posted on the NYPD website.  Each record represents a collision in NYC by city, borough, precinct and cross street. This data can be used by the public to see how dangerous/safe intersections are in NYC. The information is presented in pdf and excel format to allow the casual user to just view the information in the easy to read pdf format or use the excel files to do a more in-depth analysis.", "query": {"orderBys": [{"ascending": false, "expression": {"columnId": 368630828, "type": "column"}}]}, "publicationAppendEnabled": false, "viewLastModified": 1532561963, "flags": ["default", "restorable", "restorePossibleForType"], "tableAuthor": {"type": "interactive", "profileImageUrlSmall": "/api/users/5fuc-pqz2/profile_images/TINY", "displayName": "NYC OpenData", "profileImageUrlMedium": "/api/users/5fuc-pqz2/profile_images/THUMB", "screenName": "NYC OpenData", "id": "5fuc-pqz2", "profileImageUrlLarge": "/api/users/5fuc-pqz2/profile_images/LARGE"}, "provenance": "official", "rowsUpdatedAt": 1532560410, "tableId": 15407060, "viewType": "tabular", "name": "NYPD Motor Vehicle Collisions", "attribution": "Police Department (NYPD)", "columns": [{"format": {"view": "date", "align": "left"}, "fieldName": "date", "tableColumnId": 19436653, "renderTypeName": "calendar_date", "id": 368630828, "position": 1, "dataTypeName": "calendar_date", "name": "DATE", "width": 148}, {"format": {}, "fieldName": "time", "tableColumnId": 19436654, "renderTypeName": "text", "id": 368630829, "position": 2, "dataTypeName": "text", "name": "TIME", "width": 148}, {"format": {}, "fieldName": "borough", "tableColumnId": 19436655, "renderTypeName": "text", "id": 368630830, "position": 3, "dataTypeName": "text", "name": "BOROUGH", "width": 184}, {"format": {}, "fieldName": "zip_code", "tableColumnId": 19436656, "renderTypeName": "text", "id": 368630831, "position": 4, "dataTypeName": "text", "name": "ZIP CODE", "width": 196}, {"format": {"noCommas": "true", "align": "left", "precisionStyle": "standard"}, "fieldName": "latitude", "tableColumnId": 19436657, "renderTypeName": "number", "id": 368630832, "position": 5, "dataTypeName": "number", "name": "LATITUDE", "width": 196}, {"format": {"noCommas": "true", "align": "left", "precisionStyle": "standard"}, "fieldName": "longitude", "tableColumnId": 19436658, "renderTypeName": "number", "id": 368630833, "position": 6, "dataTypeName": "number", "name": "LONGITUDE", "width": 208}, {"format": {"view": "address_coords", "align": "left"}, "fieldName": "location", "tableColumnId": 19687829, "renderTypeName": "location", "subColumnTypes": ["human_address", "latitude", "longitude", "machine_address", "needs_recoding"], "id": 368630834, "position": 7, "dataTypeName": "location", "name": "LOCATION", "width": 143}, {"format": {"align": "left"}, "fieldName": "on_street_name", "tableColumnId": 19436659, "renderTypeName": "text", "id": 368630835, "position": 8, "dataTypeName": "text", "name": "ON STREET NAME", "width": 268}, {"format": {"align": "left"}, "fieldName": "off_street_name", "tableColumnId": 19436660, "renderTypeName": "text", "id": 368630836, "position": 9, "dataTypeName": "text", "name": "CROSS STREET NAME", "width": 281}, {"format": {"align": "left"}, "fieldName": "cross_street_name", "tableColumnId": 19436661, "renderTypeName": "text", "id": 368630837, "position": 10, "dataTypeName": "text", "name": "OFF STREET NAME", "width": 304}, {"format": {"noCommas": "true", "align": "left", "precisionStyle": "standard"}, "fieldName": "number_of_persons_injured", "tableColumnId": 19436662, "renderTypeName": "number", "id": 368630838, "position": 11, "dataTypeName": "number", "name": "NUMBER OF PERSONS INJURED", "width": 400}, {"format": {"noCommas": "true", "align": "left", "precisionStyle": "standard"}, "fieldName": "number_of_persons_killed", "tableColumnId": 19436663, "renderTypeName": "number", "id": 368630839, "position": 12, "dataTypeName": "number", "name": "NUMBER OF PERSONS KILLED", "width": 388}, {"format": {"noCommas": "true", "align": "left", "precisionStyle": "standard"}, "fieldName": "number_of_pedestrians_injured", "tableColumnId": 19436664, "renderTypeName": "number", "id": 368630840, "position": 13, "dataTypeName": "number", "name": "NUMBER OF PEDESTRIANS INJURED", "width": 448}, {"format": {"noCommas": "true", "align": "left", "precisionStyle": "standard"}, "fieldName": "number_of_pedestrians_killed", "tableColumnId": 19436665, "renderTypeName": "number", "id": 368630841, "position": 14, "dataTypeName": "number", "name": "NUMBER OF PEDESTRIANS KILLED", "width": 436}, {"format": {"noCommas": "true", "align": "left", "precisionStyle": "standard"}, "fieldName": "number_of_cyclist_injured", "tableColumnId": 19436666, "renderTypeName": "number", "id": 368630842, "position": 15, "dataTypeName": "number", "name": "NUMBER OF CYCLIST INJURED", "width": 400}, {"format": {"noCommas": "true", "align": "left", "precisionStyle": "standard"}, "fieldName": "number_of_cyclist_killed", "tableColumnId": 19436667, "renderTypeName": "number", "id": 368630843, "position": 16, "dataTypeName": "number", "name": "NUMBER OF CYCLIST KILLED", "width": 388}, {"format": {"noCommas": "true", "align": "left", "precisionStyle": "standard"}, "fieldName": "number_of_motorist_injured", "tableColumnId": 19436668, "renderTypeName": "number", "id": 368630844, "position": 17, "dataTypeName": "number", "name": "NUMBER OF MOTORIST INJURED", "width": 412}, {"format": {"noCommas": "true", "align": "left", "precisionStyle": "standard"}, "fieldName": "number_of_motorist_killed", "tableColumnId": 19436669, "renderTypeName": "number", "id": 368630845, "position": 18, "dataTypeName": "number", "name": "NUMBER OF MOTORIST KILLED", "width": 400}, {"format": {}, "fieldName": "contributing_factor_vehicle_1", "tableColumnId": 19436670, "renderTypeName": "text", "id": 368630846, "position": 19, "dataTypeName": "text", "name": "CONTRIBUTING FACTOR VEHICLE 1", "width": 448}, {"format": {}, "fieldName": "contributing_factor_vehicle_2", "tableColumnId": 19436671, "renderTypeName": "text", "id": 368630847, "position": 20, "dataTypeName": "text", "name": "CONTRIBUTING FACTOR VEHICLE 2", "width": 448}, {"format": {}, "fieldName": "contributing_factor_vehicle_3", "tableColumnId": 19436672, "renderTypeName": "text", "id": 368630848, "position": 21, "dataTypeName": "text", "name": "CONTRIBUTING FACTOR VEHICLE 3", "width": 448}, {"format": {}, "fieldName": "contributing_factor_vehicle_4", "tableColumnId": 19436673, "renderTypeName": "text", "id": 368630849, "position": 22, "dataTypeName": "text", "name": "CONTRIBUTING FACTOR VEHICLE 4", "width": 448}, {"format": {}, "fieldName": "contributing_factor_vehicle_5", "tableColumnId": 19436674, "renderTypeName": "text", "id": 368630850, "position": 23, "dataTypeName": "text", "name": "CONTRIBUTING FACTOR VEHICLE 5", "width": 448}, {"format": {"noCommas": "true", "align": "left", "precisionStyle": "standard"}, "fieldName": "unique_key", "tableColumnId": 19564287, "renderTypeName": "number", "id": 368630851, "position": 24, "dataTypeName": "number", "name": "UNIQUE KEY", "width": 100}, {"format": {"align": "left"}, "fieldName": "vehicle_type_code1", "tableColumnId": 21537789, "renderTypeName": "text", "id": 368630852, "position": 25, "dataTypeName": "text", "name": "VEHICLE TYPE CODE 1", "width": 145}, {"format": {"align": "left"}, "fieldName": "vehicle_type_code2", "tableColumnId": 21537809, "renderTypeName": "text", "id": 368630853, "position": 26, "dataTypeName": "text", "name": "VEHICLE TYPE CODE 2", "width": 133}, {"format": {}, "fieldName": "vehicle_type_code_3", "tableColumnId": 21537886, "renderTypeName": "text", "id": 368630854, "position": 27, "dataTypeName": "text", "name": "VEHICLE TYPE CODE 3", "width": 125}, {"format": {}, "fieldName": "vehicle_type_code_4", "tableColumnId": 21537900, "renderTypeName": "text", "id": 368630855, "position": 28, "dataTypeName": "text", "name": "VEHICLE TYPE CODE 4", "width": 127}, {"format": {}, "fieldName": "vehicle_type_code_5", "tableColumnId": 21537975, "renderTypeName": "text", "id": 368630856, "position": 29, "dataTypeName": "text", "name": "VEHICLE TYPE CODE 5", "width": 128}], "metadata": {"renderTypeConfig": {"visible": {"table": true}}, "rowLabel": "Row", "rowIdentifier": 368630851, "custom_fields": {"Legislative Compliance": {"Geo-coding Attached?": ""}, "Update": {"Update Frequency": "Weekdays", "Automation": "Yes"}, "Dataset Information": {"Agency": "Police Department (NYPD)"}}, "availableDisplayTypes": ["table", "fatrow", "page"], "jsonQuery": {"order": [{"columnFieldName": "date", "ascending": false}]}, "rdfSubject": "0", "attachments": [{"filename": "Collision_DataDictionary.xlsx", "assetId": "b5fd8e71-ca48-4e96-bf63-1b8a7c4cc47b", "name": "NYPD_Collision_DataDictionary.xlsx"}]}, "rowIdentifierColumnId": 368630851, "rowsUpdatedBy": "5fuc-pqz2", "publicationGroup": 1561483, "publicationDate": 1532561963, "oid": 29357498, "indexUpdatedAt": 1532562929, "rights": ["read"], "viewCount": 118710, "category": "Public Safety", "newBackend": false, "grants": [{"inherited": false, "type": "viewer", "flags": ["public"]}], "publicationStage": "published", "downloadCount": 37214, "iconUrl": "fileId:oW0cJILkcnktYb_UJrVr9IXc0JUNpGXLeyQzGnoKxEI", "hideFromDataJson": false, "createdAt": 1398703304}